data,ticker,preco_fechamento,capturado_em_utc
2026-07-21,ALOS3,26.93,2026-07-21T18:13:19.057883+00:00
2026-07-21,COIN11,40.09,2026-07-21T18:13:19.057883+00:00
2026-07-21,NASD11,20.62,2026-07-21T18:13:19.057883+00:00
2026-07-21,SPYI11,106.92,2026-07-21T18:13:19.057883+00:00
2026-07-21,LFTB11,124.02,2026-07-21T18:13:19.057883+00:00
2026-07-21,LFTS11,156.63,2026-07-21T18:13:19.057883+00:00
2026-07-21,BDIF11,71.8,2026-07-21T18:13:19.057883+00:00
2026-07-21,BDIV11,37.38,2026-07-21T18:13:19.057883+00:00
2026-07-21,BODB11,7.69,2026-07-21T18:13:19.057883+00:00
2026-07-21,BRZP11,180.96,2026-07-21T18:13:19.057883+00:00
2026-07-21,CPTI11,85.89,2026-07-21T18:13:19.057883+00:00
2026-07-21,ENDD11,109,2026-07-21T18:13:19.057883+00:00
2026-07-21,FATN11,80.15,2026-07-21T18:13:19.057883+00:00
2026-07-21,FATN12,0.03,2026-07-21T18:13:19.057883+00:00
2026-07-21,GARE11,8.16,2026-07-21T18:13:19.057883+00:00
2026-07-21,HGCR11,93.73,2026-07-21T18:13:19.057883+00:00
2026-07-21,IFRA11,93.67,2026-07-21T18:13:19.057883+00:00
2026-07-21,IFRI11,102.49,2026-07-21T18:13:19.057883+00:00
2026-07-21,JURO11,97.64,2026-07-21T18:13:19.057883+00:00
2026-07-21,KNIP11,91.87,2026-07-21T18:13:19.057883+00:00
2026-07-21,MANA11,9.08,2026-07-21T18:13:19.057883+00:00
2026-07-21,OGIN11,7.73,2026-07-21T18:13:19.057883+00:00
2026-07-21,PFIN11,63.34,2026-07-21T18:13:19.057883+00:00
2026-07-21,PPEI11,84.23,2026-07-21T18:13:19.057883+00:00
2026-07-21,RBIR11,72.58,2026-07-21T18:13:19.057883+00:00
2026-07-21,SNEL11,8.37,2026-07-21T18:13:19.057883+00:00
2026-07-21,TEPP11,7.94,2026-07-21T18:13:19.057883+00:00
2026-07-21,TRXF11,91.39,2026-07-21T18:13:19.057883+00:00
2026-07-21,VIGT11,48.51,2026-07-21T18:13:19.057883+00:00
2026-07-21,XPID11,48.77,2026-07-21T18:13:19.057883+00:00
2026-07-21,XPIE11,43.25,2026-07-21T18:13:19.057883+00:00
2026-07-21,XPML11,104.45,2026-07-21T18:13:19.057883+00:00
2026-07-21,AMZO34,63.04,2026-07-21T18:13:19.057883+00:00
2026-07-21,AUAU3,3.1,2026-07-21T18:13:19.057883+00:00
2026-07-21,LWSA3,3.75,2026-07-21T18:13:19.057883+00:00
2026-07-21,MGLU3,4.84,2026-07-21T18:13:19.057883+00:00
2026-07-21,TASA4,4.73,2026-07-21T18:13:19.057883+00:00
2026-07-21,ALOS3,26.94,2026-07-21T19:18:15.474724+00:00
2026-07-21,COIN11,40.17,2026-07-21T19:18:15.474724+00:00
2026-07-21,NASD11,20.56,2026-07-21T19:18:15.474724+00:00
2026-07-21,SPYI11,106.93,2026-07-21T19:18:15.474724+00:00
2026-07-21,LFTB11,124.01,2026-07-21T19:18:15.474724+00:00
2026-07-21,LFTS11,156.65,2026-07-21T19:18:15.474724+00:00
2026-07-21,BDIF11,71.91,2026-07-21T19:18:15.474724+00:00
2026-07-21,BDIV11,37.44,2026-07-21T19:18:15.474724+00:00
2026-07-21,BODB11,7.73,2026-07-21T19:18:15.474724+00:00
2026-07-21,BRZP11,180.95,2026-07-21T19:18:15.474724+00:00
2026-07-21,CPTI11,85.61,2026-07-21T19:18:15.474724+00:00
2026-07-21,ENDD11,109,2026-07-21T19:18:15.474724+00:00
2026-07-21,FATN11,80.01,2026-07-21T19:18:15.474724+00:00
2026-07-21,FATN12,0.03,2026-07-21T19:18:15.474724+00:00
2026-07-21,GARE11,8.17,2026-07-21T19:18:15.474724+00:00
2026-07-21,HGCR11,93.56,2026-07-21T19:18:15.474724+00:00
2026-07-21,IFRA11,93.59,2026-07-21T19:18:15.474724+00:00
2026-07-21,IFRI11,101.97,2026-07-21T19:18:15.474724+00:00
2026-07-21,JURO11,97.89,2026-07-21T19:18:15.474724+00:00
2026-07-21,KNIP11,91.95,2026-07-21T19:18:15.474724+00:00
2026-07-21,MANA11,9.08,2026-07-21T19:18:15.474724+00:00
2026-07-21,OGIN11,7.72,2026-07-21T19:18:15.474724+00:00
2026-07-21,PFIN11,62.99,2026-07-21T19:18:15.474724+00:00
2026-07-21,PPEI11,84.23,2026-07-21T19:18:15.474724+00:00
2026-07-21,RBIR11,72.58,2026-07-21T19:18:15.474724+00:00
2026-07-21,SNEL11,8.36,2026-07-21T19:18:15.474724+00:00
2026-07-21,TEPP11,7.94,2026-07-21T19:18:15.474724+00:00
2026-07-21,TRXF11,91.37,2026-07-21T19:18:15.474724+00:00
2026-07-21,VIGT11,48.5,2026-07-21T19:18:15.474724+00:00
2026-07-21,XPID11,48.69,2026-07-21T19:18:15.474724+00:00
2026-07-21,XPIE11,43.38,2026-07-21T19:18:15.474724+00:00
2026-07-21,XPML11,104.22,2026-07-21T19:18:15.474724+00:00
2026-07-21,AMZO34,62.75,2026-07-21T19:18:15.474724+00:00
2026-07-21,AUAU3,3.09,2026-07-21T19:18:15.474724+00:00
2026-07-21,LWSA3,3.75,2026-07-21T19:18:15.474724+00:00
2026-07-21,MGLU3,4.83,2026-07-21T19:18:15.474724+00:00
2026-07-21,TASA4,4.75,2026-07-21T19:18:15.474724+00:00
2026-07-21,ALOS3,26.97,2026-07-21T19:21:14.833622+00:00
2026-07-21,COIN11,40.18,2026-07-21T19:21:14.833622+00:00
2026-07-21,NASD11,20.56,2026-07-21T19:21:14.833622+00:00
2026-07-21,SPYI11,106.86,2026-07-21T19:21:14.833622+00:00
2026-07-21,LFTB11,124.01,2026-07-21T19:21:14.833622+00:00
2026-07-21,LFTS11,156.62,2026-07-21T19:21:14.833622+00:00
2026-07-21,BDIF11,71.9,2026-07-21T19:21:14.833622+00:00
2026-07-21,BDIV11,37.44,2026-07-21T19:21:14.833622+00:00
2026-07-21,BODB11,7.73,2026-07-21T19:21:14.833622+00:00
2026-07-21,BRZP11,180.95,2026-07-21T19:21:14.833622+00:00
2026-07-21,CPTI11,85.61,2026-07-21T19:21:14.833622+00:00
2026-07-21,ENDD11,109,2026-07-21T19:21:14.833622+00:00
2026-07-21,FATN11,80.01,2026-07-21T19:21:14.833622+00:00
2026-07-21,FATN12,0.03,2026-07-21T19:21:14.833622+00:00
2026-07-21,GARE11,8.16,2026-07-21T19:21:14.833622+00:00
2026-07-21,HGCR11,93.56,2026-07-21T19:21:14.833622+00:00
2026-07-21,IFRA11,93.6,2026-07-21T19:21:14.833622+00:00
2026-07-21,IFRI11,101.74,2026-07-21T19:21:14.833622+00:00
2026-07-21,JURO11,97.89,2026-07-21T19:21:14.833622+00:00
2026-07-21,KNIP11,91.85,2026-07-21T19:21:14.833622+00:00
2026-07-21,MANA11,9.08,2026-07-21T19:21:14.833622+00:00
2026-07-21,OGIN11,7.72,2026-07-21T19:21:14.833622+00:00
2026-07-21,PFIN11,62.99,2026-07-21T19:21:14.833622+00:00
2026-07-21,PPEI11,84.23,2026-07-21T19:21:14.833622+00:00
2026-07-21,RBIR11,72.58,2026-07-21T19:21:14.833622+00:00
2026-07-21,SNEL11,8.35,2026-07-21T19:21:14.833622+00:00
2026-07-21,TEPP11,7.92,2026-07-21T19:21:14.833622+00:00
2026-07-21,TRXF11,91.36,2026-07-21T19:21:14.833622+00:00
2026-07-21,VIGT11,48.51,2026-07-21T19:21:14.833622+00:00
2026-07-21,XPID11,48.69,2026-07-21T19:21:14.833622+00:00
2026-07-21,XPIE11,43.07,2026-07-21T19:21:14.833622+00:00
2026-07-21,XPML11,104.24,2026-07-21T19:21:14.833622+00:00
2026-07-21,AMZO34,62.75,2026-07-21T19:21:14.833622+00:00
2026-07-21,AUAU3,3.09,2026-07-21T19:21:14.833622+00:00
2026-07-21,LWSA3,3.77,2026-07-21T19:21:14.833622+00:00
2026-07-21,MGLU3,4.83,2026-07-21T19:21:14.833622+00:00
2026-07-21,TASA4,4.75,2026-07-21T19:21:14.833622+00:00
2026-07-21,ALOS3,27.1,2026-07-21T22:27:53.351054+00:00
2026-07-21,COIN11,39.85,2026-07-21T22:27:53.351054+00:00
2026-07-21,NASD11,20.57,2026-07-21T22:27:53.351054+00:00
2026-07-21,SPYI11,106.92,2026-07-21T22:27:53.351054+00:00
2026-07-21,LFTB11,124.01,2026-07-21T22:27:53.351054+00:00
2026-07-21,LFTS11,156.64,2026-07-21T22:27:53.351054+00:00
2026-07-21,BDIF11,72.15,2026-07-21T22:27:53.351054+00:00
2026-07-21,BDIV11,37.3,2026-07-21T22:27:53.351054+00:00
2026-07-21,BODB11,7.75,2026-07-21T22:27:53.351054+00:00
2026-07-21,BRZP11,180,2026-07-21T22:27:53.351054+00:00
2026-07-21,CPTI11,85.62,2026-07-21T22:27:53.351054+00:00
2026-07-21,ENDD11,108.6,2026-07-21T22:27:53.351054+00:00
2026-07-21,FATN11,80.13,2026-07-21T22:27:53.351054+00:00
2026-07-21,FATN12,0.03,2026-07-21T22:27:53.351054+00:00
2026-07-21,GARE11,8.17,2026-07-21T22:27:53.351054+00:00
2026-07-21,HGCR11,93.4,2026-07-21T22:27:53.351054+00:00
2026-07-21,IFRA11,93.33,2026-07-21T22:27:53.351054+00:00
2026-07-21,IFRI11,101.51,2026-07-21T22:27:53.351054+00:00
2026-07-21,JURO11,97.76,2026-07-21T22:27:53.351054+00:00
2026-07-21,KNIP11,92.04,2026-07-21T22:27:53.351054+00:00
2026-07-21,MANA11,9.13,2026-07-21T22:27:53.351054+00:00
2026-07-21,OGIN11,7.72,2026-07-21T22:27:53.351054+00:00
2026-07-21,PFIN11,62.75,2026-07-21T22:27:53.351054+00:00
2026-07-21,PPEI11,84.4,2026-07-21T22:27:53.351054+00:00
2026-07-21,RBIR11,72.6,2026-07-21T22:27:53.351054+00:00
2026-07-21,SNEL11,8.4,2026-07-21T22:27:53.351054+00:00
2026-07-21,TEPP11,7.93,2026-07-21T22:27:53.351054+00:00
2026-07-21,TRXF11,91.35,2026-07-21T22:27:53.351054+00:00
2026-07-21,VIGT11,49,2026-07-21T22:27:53.351054+00:00
2026-07-21,XPID11,48.69,2026-07-21T22:27:53.351054+00:00
2026-07-21,XPIE11,43.92,2026-07-21T22:27:53.351054+00:00
2026-07-21,XPML11,104.5,2026-07-21T22:27:53.351054+00:00
2026-07-21,AMZO34,62.79,2026-07-21T22:27:53.351054+00:00
2026-07-21,AUAU3,3.14,2026-07-21T22:27:53.351054+00:00
2026-07-21,LWSA3,3.74,2026-07-21T22:27:53.351054+00:00
2026-07-21,MGLU3,4.82,2026-07-21T22:27:53.351054+00:00
2026-07-21,TASA4,4.73,2026-07-21T22:27:53.351054+00:00
2026-07-22,ALOS3,27.47,2026-07-22T22:34:24.821733+00:00
2026-07-22,COIN11,38.6,2026-07-22T22:34:24.821733+00:00
2026-07-22,NASD11,20.57,2026-07-22T22:34:24.821733+00:00
2026-07-22,SPYI11,106.3,2026-07-22T22:34:24.821733+00:00
2026-07-22,LFTB11,123.89,2026-07-22T22:34:24.821733+00:00
2026-07-22,LFTS11,156.7,2026-07-22T22:34:24.821733+00:00
2026-07-22,BDIF11,71.82,2026-07-22T22:34:24.821733+00:00
2026-07-22,BDIV11,37.56,2026-07-22T22:34:24.821733+00:00
2026-07-22,BODB11,7.66,2026-07-22T22:34:24.821733+00:00
2026-07-22,BRZP11,179.93,2026-07-22T22:34:24.821733+00:00
2026-07-22,CPTI11,85.5,2026-07-22T22:34:24.821733+00:00
2026-07-22,ENDD11,108.5,2026-07-22T22:34:24.821733+00:00
2026-07-22,FATN11,79.8,2026-07-22T22:34:24.821733+00:00
2026-07-22,FATN12,0.03,2026-07-22T22:34:24.821733+00:00
2026-07-22,GARE11,8.15,2026-07-22T22:34:24.821733+00:00
2026-07-22,HGCR11,93.47,2026-07-22T22:34:24.821733+00:00
2026-07-22,IFRA11,91.67,2026-07-22T22:34:24.821733+00:00
2026-07-22,IFRI11,101,2026-07-22T22:34:24.821733+00:00
2026-07-22,JURO11,97.36,2026-07-22T22:34:24.821733+00:00
2026-07-22,KNIP11,91.61,2026-07-22T22:34:24.821733+00:00
2026-07-22,MANA11,9.09,2026-07-22T22:34:24.821733+00:00
2026-07-22,OGIN11,7.7,2026-07-22T22:34:24.821733+00:00
2026-07-22,PFIN11,62.2,2026-07-22T22:34:24.821733+00:00
2026-07-22,PPEI11,84.47,2026-07-22T22:34:24.821733+00:00
2026-07-22,RBIR11,73,2026-07-22T22:34:24.821733+00:00
2026-07-22,SNEL11,8.37,2026-07-22T22:34:24.821733+00:00
2026-07-22,TEPP11,7.87,2026-07-22T22:34:24.821733+00:00
2026-07-22,TRXF11,91,2026-07-22T22:34:24.821733+00:00
2026-07-22,VIGT11,49.6,2026-07-22T22:34:24.821733+00:00
2026-07-22,XPID11,48.53,2026-07-22T22:34:24.821733+00:00
2026-07-22,XPIE11,43.62,2026-07-22T22:34:24.821733+00:00
2026-07-22,XPML11,104.58,2026-07-22T22:34:24.821733+00:00
2026-07-22,AMZO34,61.87,2026-07-22T22:34:24.821733+00:00
2026-07-22,AUAU3,3.23,2026-07-22T22:34:24.821733+00:00
2026-07-22,LWSA3,3.8,2026-07-22T22:34:24.821733+00:00
2026-07-22,MGLU3,4.91,2026-07-22T22:34:24.821733+00:00
2026-07-22,TASA4,4.74,2026-07-22T22:34:24.821733+00:00
2026-07-23,ALOS3,26.93,2026-07-23T22:32:01.246207+00:00
2026-07-23,COIN11,38.48,2026-07-23T22:32:01.246207+00:00
2026-07-23,NASD11,20.17,2026-07-23T22:32:01.246207+00:00
2026-07-23,SPYI11,104.83,2026-07-23T22:32:01.246207+00:00
2026-07-23,LFTB11,123.92,2026-07-23T22:32:01.246207+00:00
2026-07-23,LFTS11,156.8,2026-07-23T22:32:01.246207+00:00
2026-07-23,BDIF11,71.5,2026-07-23T22:32:01.246207+00:00
2026-07-23,BDIV11,37.4,2026-07-23T22:32:01.246207+00:00
2026-07-23,BODB11,7.64,2026-07-23T22:32:01.246207+00:00
2026-07-23,BRZP11,180,2026-07-23T22:32:01.246207+00:00
2026-07-23,CPTI11,86.08,2026-07-23T22:32:01.246207+00:00
2026-07-23,ENDD11,108.5,2026-07-23T22:32:01.246207+00:00
2026-07-23,FATN11,79.59,2026-07-23T22:32:01.246207+00:00
2026-07-23,FATN12,0.03,2026-07-23T22:32:01.246207+00:00
2026-07-23,GARE11,8.18,2026-07-23T22:32:01.246207+00:00
2026-07-23,HGCR11,92.8,2026-07-23T22:32:01.246207+00:00
2026-07-23,IFRA11,91.71,2026-07-23T22:32:01.246207+00:00
2026-07-23,IFRI11,102.08,2026-07-23T22:32:01.246207+00:00
2026-07-23,JURO11,97.3,2026-07-23T22:32:01.246207+00:00
2026-07-23,KNIP11,90.73,2026-07-23T22:32:01.246207+00:00
2026-07-23,MANA11,9.14,2026-07-23T22:32:01.246207+00:00
2026-07-23,OGIN11,7.75,2026-07-23T22:32:01.246207+00:00
2026-07-23,PFIN11,62.15,2026-07-23T22:32:01.246207+00:00
2026-07-23,PPEI11,84.47,2026-07-23T22:32:01.246207+00:00
2026-07-23,RBIR11,72.18,2026-07-23T22:32:01.246207+00:00
2026-07-23,SNEL11,8.33,2026-07-23T22:32:01.246207+00:00
2026-07-23,TEPP11,7.88,2026-07-23T22:32:01.246207+00:00
2026-07-23,TRXF11,91.17,2026-07-23T22:32:01.246207+00:00
2026-07-23,VIGT11,49.5,2026-07-23T22:32:01.246207+00:00
2026-07-23,XPID11,49.5,2026-07-23T22:32:01.246207+00:00
2026-07-23,XPIE11,45.68,2026-07-23T22:32:01.246207+00:00
2026-07-23,XPML11,104.22,2026-07-23T22:32:01.246207+00:00
2026-07-23,AMZO34,59.34,2026-07-23T22:32:01.246207+00:00
2026-07-23,AUAU3,3.28,2026-07-23T22:32:01.246207+00:00
2026-07-23,LWSA3,3.69,2026-07-23T22:32:01.246207+00:00
2026-07-23,MGLU3,4.71,2026-07-23T22:32:01.246207+00:00
2026-07-23,TASA4,4.76,2026-07-23T22:32:01.246207+00:00
2026-07-24,ALOS3,26.19,2026-07-24T22:35:36.421032+00:00
2026-07-24,COIN11,38.24,2026-07-24T22:35:36.421032+00:00
2026-07-24,NASD11,19.92,2026-07-24T22:35:36.421032+00:00
2026-07-24,SPYI11,104.85,2026-07-24T22:35:36.421032+00:00
2026-07-24,LFTB11,124.15,2026-07-24T22:35:36.421032+00:00
2026-07-24,LFTS11,156.9,2026-07-24T22:35:36.421032+00:00
2026-07-24,BDIF11,70.7,2026-07-24T22:35:36.421032+00:00
2026-07-24,BDIV11,35.52,2026-07-24T22:35:36.421032+00:00
2026-07-24,BODB11,7.65,2026-07-24T22:35:36.421032+00:00
2026-07-24,BRZP11,180.17,2026-07-24T22:35:36.421032+00:00
2026-07-24,CPTI11,86.7,2026-07-24T22:35:36.421032+00:00
2026-07-24,ENDD11,108.51,2026-07-24T22:35:36.421032+00:00
2026-07-24,FATN11,79.5,2026-07-24T22:35:36.421032+00:00
2026-07-24,FATN12,0.03,2026-07-24T22:35:36.421032+00:00
2026-07-24,GARE11,8.18,2026-07-24T22:35:36.421032+00:00
2026-07-24,HGCR11,92.86,2026-07-24T22:35:36.421032+00:00
2026-07-24,IFRA11,91.19,2026-07-24T22:35:36.421032+00:00
2026-07-24,IFRI11,101.28,2026-07-24T22:35:36.421032+00:00
2026-07-24,JURO11,97.23,2026-07-24T22:35:36.421032+00:00
2026-07-24,KNIP11,90.54,2026-07-24T22:35:36.421032+00:00
2026-07-24,MANA11,9.13,2026-07-24T22:35:36.421032+00:00
2026-07-24,OGIN11,7.75,2026-07-24T22:35:36.421032+00:00
2026-07-24,PFIN11,62,2026-07-24T22:35:36.421032+00:00
2026-07-24,PPEI11,84.3,2026-07-24T22:35:36.421032+00:00
2026-07-24,RBIR11,73,2026-07-24T22:35:36.421032+00:00
2026-07-24,SNEL11,8.34,2026-07-24T22:35:36.421032+00:00
2026-07-24,TEPP11,7.93,2026-07-24T22:35:36.421032+00:00
2026-07-24,TRXF11,91.02,2026-07-24T22:35:36.421032+00:00
2026-07-24,VIGT11,49.2,2026-07-24T22:35:36.421032+00:00
2026-07-24,XPID11,49.86,2026-07-24T22:35:36.421032+00:00
2026-07-24,XPIE11,45.3,2026-07-24T22:35:36.421032+00:00
2026-07-24,XPML11,104.7,2026-07-24T22:35:36.421032+00:00
2026-07-24,AMZO34,59.2,2026-07-24T22:35:36.421032+00:00
2026-07-24,AUAU3,3.26,2026-07-24T22:35:36.421032+00:00
2026-07-24,LWSA3,3.6,2026-07-24T22:35:36.421032+00:00
2026-07-24,MGLU3,4.65,2026-07-24T22:35:36.421032+00:00
2026-07-24,TASA4,4.78,2026-07-24T22:35:36.421032+00:00
2026-07-27,ALOS3,26.79,2026-07-27T22:34:42.602343+00:00
2026-07-27,COIN11,38.86,2026-07-27T22:34:42.602343+00:00
2026-07-27,NASD11,19.94,2026-07-27T22:34:42.602343+00:00
2026-07-27,SPYI11,105.55,2026-07-27T22:34:42.602343+00:00
2026-07-27,LFTB11,124.15,2026-07-27T22:34:42.602343+00:00
2026-07-27,LFTS11,156.96,2026-07-27T22:34:42.602343+00:00
2026-07-27,BDIF11,70.01,2026-07-27T22:34:42.602343+00:00
2026-07-27,BDIV11,36.49,2026-07-27T22:34:42.602343+00:00
2026-07-27,BODB11,7.64,2026-07-27T22:34:42.602343+00:00
2026-07-27,BRZP11,180.38,2026-07-27T22:34:42.602343+00:00
2026-07-27,CPTI11,85.46,2026-07-27T22:34:42.602343+00:00
2026-07-27,ENDD11,108.8,2026-07-27T22:34:42.602343+00:00
2026-07-27,FATN11,79.49,2026-07-27T22:34:42.602343+00:00
2026-07-27,FATN12,0.03,2026-07-27T22:34:42.602343+00:00
2026-07-27,GARE11,8.16,2026-07-27T22:34:42.602343+00:00
2026-07-27,HGCR11,93.49,2026-07-27T22:34:42.602343+00:00
2026-07-27,IFRA11,92.42,2026-07-27T22:34:42.602343+00:00
2026-07-27,IFRI11,102.14,2026-07-27T22:34:42.602343+00:00
2026-07-27,JURO11,97.4,2026-07-27T22:34:42.602343+00:00
2026-07-27,KNIP11,90.3,2026-07-27T22:34:42.602343+00:00
2026-07-27,MANA11,9.16,2026-07-27T22:34:42.602343+00:00
2026-07-27,OGIN11,7.9,2026-07-27T22:34:42.602343+00:00
2026-07-27,PFIN11,62.88,2026-07-27T22:34:42.602343+00:00
2026-07-27,PPEI11,84.38,2026-07-27T22:34:42.602343+00:00
2026-07-27,RBIR11,73.06,2026-07-27T22:34:42.602343+00:00
2026-07-27,SNEL11,8.36,2026-07-27T22:34:42.602343+00:00
2026-07-27,TEPP11,7.86,2026-07-27T22:34:42.602343+00:00
2026-07-27,TRXF11,91.38,2026-07-27T22:34:42.602343+00:00
2026-07-27,VIGT11,49.38,2026-07-27T22:34:42.602343+00:00
2026-07-27,XPID11,49.98,2026-07-27T22:34:42.602343+00:00
2026-07-27,XPIE11,44.92,2026-07-27T22:34:42.602343+00:00
2026-07-27,XPML11,104.46,2026-07-27T22:34:42.602343+00:00
2026-07-27,AMZO34,59.06,2026-07-27T22:34:42.602343+00:00
2026-07-27,AUAU3,3.22,2026-07-27T22:34:42.602343+00:00
2026-07-27,LWSA3,3.68,2026-07-27T22:34:42.602343+00:00
2026-07-27,MGLU3,4.83,2026-07-27T22:34:42.602343+00:00
2026-07-27,TASA4,4.82,2026-07-27T22:34:42.602343+00:00
2026-07-28,ALOS3,27.14,2026-07-28T22:34:38.346424+00:00
2026-07-28,COIN11,38.3,2026-07-28T22:34:38.346424+00:00
2026-07-28,NASD11,19.8,2026-07-28T22:34:38.346424+00:00
2026-07-28,SPYI11,105.96,2026-07-28T22:34:38.346424+00:00
2026-07-28,LFTB11,124.19,2026-07-28T22:34:38.346424+00:00
2026-07-28,LFTS11,157.05,2026-07-28T22:34:38.346424+00:00
2026-07-28,BDIF11,70.75,2026-07-28T22:34:38.346424+00:00
2026-07-28,BDIV11,36.3,2026-07-28T22:34:38.346424+00:00
2026-07-28,BODB11,7.64,2026-07-28T22:34:38.346424+00:00
2026-07-28,BRZP11,180.5,2026-07-28T22:34:38.346424+00:00
2026-07-28,CPTI11,85.22,2026-07-28T22:34:38.346424+00:00
2026-07-28,ENDD11,108.55,2026-07-28T22:34:38.346424+00:00
2026-07-28,FATN11,79.74,2026-07-28T22:34:38.346424+00:00
2026-07-28,FATN12,0.03,2026-07-28T22:34:38.346424+00:00
2026-07-28,GARE11,8.17,2026-07-28T22:34:38.346424+00:00
2026-07-28,HGCR11,93.7,2026-07-28T22:34:38.346424+00:00
2026-07-28,IFRA11,91.64,2026-07-28T22:34:38.346424+00:00
2026-07-28,IFRI11,102.69,2026-07-28T22:34:38.346424+00:00
2026-07-28,JURO11,97.85,2026-07-28T22:34:38.346424+00:00
2026-07-28,KNIP11,90.6,2026-07-28T22:34:38.346424+00:00
2026-07-28,MANA11,9.13,2026-07-28T22:34:38.346424+00:00
2026-07-28,OGIN11,7.75,2026-07-28T22:34:38.346424+00:00
2026-07-28,PFIN11,62.33,2026-07-28T22:34:38.346424+00:00
2026-07-28,PPEI11,85,2026-07-28T22:34:38.346424+00:00
2026-07-28,RBIR11,73,2026-07-28T22:34:38.346424+00:00
2026-07-28,SNEL11,8.36,2026-07-28T22:34:38.346424+00:00
2026-07-28,TEPP11,7.87,2026-07-28T22:34:38.346424+00:00
2026-07-28,TRXF11,91.54,2026-07-28T22:34:38.346424+00:00
2026-07-28,VIGT11,49.85,2026-07-28T22:34:38.346424+00:00
2026-07-28,XPID11,49.85,2026-07-28T22:34:38.346424+00:00
2026-07-28,XPIE11,43.95,2026-07-28T22:34:38.346424+00:00
2026-07-28,XPML11,104.4,2026-07-28T22:34:38.346424+00:00
2026-07-28,AMZO34,59,2026-07-28T22:34:38.346424+00:00
2026-07-28,AUAU3,3.29,2026-07-28T22:34:38.346424+00:00
2026-07-28,LWSA3,3.74,2026-07-28T22:34:38.346424+00:00
2026-07-28,MGLU3,4.83,2026-07-28T22:34:38.346424+00:00
2026-07-28,TASA4,4.82,2026-07-28T22:34:38.346424+00:00
2026-07-29,ALOS3,26.58,2026-07-29T22:29:55.079954+00:00
2026-07-29,COIN11,38.1,2026-07-29T22:29:55.079954+00:00
2026-07-29,NASD11,19.41,2026-07-29T22:29:55.079954+00:00
2026-07-29,SPYI11,104.59,2026-07-29T22:29:55.079954+00:00
2026-07-29,LFTB11,124.07,2026-07-29T22:29:55.079954+00:00
2026-07-29,LFTS11,157.11,2026-07-29T22:29:55.079954+00:00
2026-07-29,BDIF11,70.11,2026-07-29T22:29:55.079954+00:00
2026-07-29,BDIV11,36.02,2026-07-29T22:29:55.079954+00:00
2026-07-29,BODB11,7.62,2026-07-29T22:29:55.079954+00:00
2026-07-29,BRZP11,180.09,2026-07-29T22:29:55.079954+00:00
2026-07-29,CPTI11,85.65,2026-07-29T22:29:55.079954+00:00
2026-07-29,ENDD11,108.55,2026-07-29T22:29:55.079954+00:00
2026-07-29,FATN11,79.6,2026-07-29T22:29:55.079954+00:00
2026-07-29,FATN12,0.03,2026-07-29T22:29:55.079954+00:00
2026-07-29,GARE11,8.15,2026-07-29T22:29:55.079954+00:00
2026-07-29,HGCR11,93.13,2026-07-29T22:29:55.079954+00:00
2026-07-29,IFRA11,92,2026-07-29T22:29:55.079954+00:00
2026-07-29,IFRI11,102.72,2026-07-29T22:29:55.079954+00:00
2026-07-29,JURO11,97.47,2026-07-29T22:29:55.079954+00:00
2026-07-29,KNIP11,91.13,2026-07-29T22:29:55.079954+00:00
2026-07-29,MANA11,9.13,2026-07-29T22:29:55.079954+00:00
2026-07-29,OGIN11,7.78,2026-07-29T22:29:55.079954+00:00
2026-07-29,PFIN11,61.55,2026-07-29T22:29:55.079954+00:00
2026-07-29,PPEI11,84,2026-07-29T22:29:55.079954+00:00
2026-07-29,RBIR11,73.6,2026-07-29T22:29:55.079954+00:00
2026-07-29,SNEL11,8.33,2026-07-29T22:29:55.079954+00:00
2026-07-29,TEPP11,7.86,2026-07-29T22:29:55.079954+00:00
2026-07-29,TRXF11,91.1,2026-07-29T22:29:55.079954+00:00
2026-07-29,VIGT11,48.62,2026-07-29T22:29:55.079954+00:00
2026-07-29,XPID11,49.59,2026-07-29T22:29:55.079954+00:00
2026-07-29,XPIE11,43.27,2026-07-29T22:29:55.079954+00:00
2026-07-29,XPML11,104.84,2026-07-29T22:29:55.079954+00:00
2026-07-29,AMZO34,58.57,2026-07-29T22:29:55.079954+00:00
2026-07-29,AUAU3,3.35,2026-07-29T22:29:55.079954+00:00
2026-07-29,LWSA3,3.72,2026-07-29T22:29:55.079954+00:00
2026-07-29,MGLU3,4.76,2026-07-29T22:29:55.079954+00:00
2026-07-29,TASA4,4.79,2026-07-29T22:29:55.079954+00:00
2026-07-30,ALOS3,27.22,2026-07-30T22:37:28.515206+00:00
2026-07-30,COIN11,38.27,2026-07-30T22:37:28.515206+00:00
2026-07-30,NASD11,19.84,2026-07-30T22:37:28.515206+00:00
2026-07-30,SPYI11,104.87,2026-07-30T22:37:28.515206+00:00
2026-07-30,LFTB11,124.17,2026-07-30T22:37:28.515206+00:00
2026-07-30,LFTS11,157.21,2026-07-30T22:37:28.515206+00:00
2026-07-30,BDIF11,69.51,2026-07-30T22:37:28.515206+00:00
2026-07-30,BDIV11,36.56,2026-07-30T22:37:28.515206+00:00
2026-07-30,BODB11,7.63,2026-07-30T22:37:28.515206+00:00
2026-07-30,BRZP11,181,2026-07-30T22:37:28.515206+00:00
2026-07-30,CPTI11,85.95,2026-07-30T22:37:28.515206+00:00
2026-07-30,ENDD11,108.55,2026-07-30T22:37:28.515206+00:00
2026-07-30,FATN11,79.77,2026-07-30T22:37:28.515206+00:00
2026-07-30,FATN12,0.03,2026-07-30T22:37:28.515206+00:00
2026-07-30,GARE11,8.19,2026-07-30T22:37:28.515206+00:00
2026-07-30,HGCR11,93.13,2026-07-30T22:37:28.515206+00:00
2026-07-30,IFRA11,92.36,2026-07-30T22:37:28.515206+00:00
2026-07-30,IFRI11,102.94,2026-07-30T22:37:28.515206+00:00
2026-07-30,JURO11,97.49,2026-07-30T22:37:28.515206+00:00
2026-07-30,KNIP11,90.81,2026-07-30T22:37:28.515206+00:00
2026-07-30,MANA11,9.17,2026-07-30T22:37:28.515206+00:00
2026-07-30,OGIN11,7.73,2026-07-30T22:37:28.515206+00:00
2026-07-30,PFIN11,61.51,2026-07-30T22:37:28.515206+00:00
2026-07-30,PPEI11,84.06,2026-07-30T22:37:28.515206+00:00
2026-07-30,RBIR11,73.5,2026-07-30T22:37:28.515206+00:00
2026-07-30,SNEL11,8.3,2026-07-30T22:37:28.515206+00:00
2026-07-30,TEPP11,7.9,2026-07-30T22:37:28.515206+00:00
2026-07-30,TRXF11,91.1,2026-07-30T22:37:28.515206+00:00
2026-07-30,VIGT11,50.88,2026-07-30T22:37:28.515206+00:00
2026-07-30,XPID11,49.2,2026-07-30T22:37:28.515206+00:00
2026-07-30,XPIE11,43.37,2026-07-30T22:37:28.515206+00:00
2026-07-30,XPML11,104.78,2026-07-30T22:37:28.515206+00:00
2026-07-30,AMZO34,63.21,2026-07-30T22:37:28.515206+00:00
2026-07-30,AUAU3,3.39,2026-07-30T22:37:28.515206+00:00
2026-07-30,LWSA3,3.77,2026-07-30T22:37:28.515206+00:00
2026-07-30,MGLU3,5.02,2026-07-30T22:37:28.515206+00:00
2026-07-30,TASA4,4.83,2026-07-30T22:37:28.515206+00:00
2026-07-31,ALOS3,27.09,2026-07-31T22:33:44.966705+00:00
2026-07-31,COIN11,37.86,2026-07-31T22:33:44.966705+00:00
2026-07-31,NASD11,19.95,2026-07-31T22:33:44.966705+00:00
2026-07-31,SPYI11,106.01,2026-07-31T22:33:44.966705+00:00
2026-07-31,LFTB11,124.36,2026-07-31T22:33:44.966705+00:00
2026-07-31,LFTS11,157.32,2026-07-31T22:33:44.966705+00:00
2026-07-31,BDIF11,70.15,2026-07-31T22:33:44.966705+00:00
2026-07-31,BDIV11,36.59,2026-07-31T22:33:44.966705+00:00
2026-07-31,BODB11,7.63,2026-07-31T22:33:44.966705+00:00
2026-07-31,BRZP11,182,2026-07-31T22:33:44.966705+00:00
2026-07-31,CPTI11,86.65,2026-07-31T22:33:44.966705+00:00
2026-07-31,ENDD11,109,2026-07-31T22:33:44.966705+00:00
2026-07-31,FATN11,80.08,2026-07-31T22:33:44.966705+00:00
2026-07-31,FATN12,0.03,2026-07-31T22:33:44.966705+00:00
2026-07-31,GARE11,8.23,2026-07-31T22:33:44.966705+00:00
2026-07-31,HGCR11,94.08,2026-07-31T22:33:44.966705+00:00
2026-07-31,IFRA11,93.5,2026-07-31T22:33:44.966705+00:00
2026-07-31,IFRI11,102.94,2026-07-31T22:33:44.966705+00:00
2026-07-31,JURO11,97.15,2026-07-31T22:33:44.966705+00:00
2026-07-31,KNIP11,91.59,2026-07-31T22:33:44.966705+00:00
2026-07-31,MANA11,9.2,2026-07-31T22:33:44.966705+00:00
2026-07-31,OGIN11,7.8,2026-07-31T22:33:44.966705+00:00
2026-07-31,PFIN11,61.53,2026-07-31T22:33:44.966705+00:00
2026-07-31,PPEI11,84.5,2026-07-31T22:33:44.966705+00:00
2026-07-31,RBIR11,73,2026-07-31T22:33:44.966705+00:00
2026-07-31,SNEL11,8.34,2026-07-31T22:33:44.966705+00:00
2026-07-31,TEPP11,7.97,2026-07-31T22:33:44.966705+00:00
2026-07-31,TRXF11,91.1,2026-07-31T22:33:44.966705+00:00
2026-07-31,VIGT11,49.13,2026-07-31T22:33:44.966705+00:00
2026-07-31,XPID11,49.08,2026-07-31T22:33:44.966705+00:00
2026-07-31,XPIE11,43.66,2026-07-31T22:33:44.966705+00:00
2026-07-31,XPML11,104.78,2026-07-31T22:33:44.966705+00:00
2026-07-31,AMZO34,68.67,2026-07-31T22:33:44.966705+00:00
2026-07-31,AUAU3,3.49,2026-07-31T22:33:44.966705+00:00
2026-07-31,LWSA3,3.72,2026-07-31T22:33:44.966705+00:00
2026-07-31,MGLU3,5.03,2026-07-31T22:33:44.966705+00:00
2026-07-31,TASA4,4.88,2026-07-31T22:33:44.966705+00:00
2026-08-03,ALOS3,27.39,2026-08-03T22:34:06.564987+00:00
2026-08-03,COIN11,38.15,2026-08-03T22:34:06.564987+00:00
2026-08-03,NASD11,20.4,2026-08-03T22:34:06.564987+00:00
2026-08-03,SPYI11,107.21,2026-08-03T22:34:06.564987+00:00
2026-08-03,LFTB11,124.53,2026-08-03T22:34:06.564987+00:00
2026-08-03,LFTS11,157.37,2026-08-03T22:34:06.564987+00:00
2026-08-03,BDIF11,70.7,2026-08-03T22:34:06.564987+00:00
2026-08-03,BDIV11,36,2026-08-03T22:34:06.564987+00:00
2026-08-03,BODB11,7.45,2026-08-03T22:34:06.564987+00:00
2026-08-03,BRZP11,180,2026-08-03T22:34:06.564987+00:00
2026-08-03,CPTI11,85.45,2026-08-03T22:34:06.564987+00:00
2026-08-03,ENDD11,108.7,2026-08-03T22:34:06.564987+00:00
2026-08-03,FATN11,80.01,2026-08-03T22:34:06.564987+00:00
2026-08-03,FATN12,0.03,2026-08-03T22:34:06.564987+00:00
2026-08-03,GARE11,8.14,2026-08-03T22:34:06.564987+00:00
2026-08-03,HGCR11,91.5,2026-08-03T22:34:06.564987+00:00
2026-08-03,IFRA11,90.54,2026-08-03T22:34:06.564987+00:00
2026-08-03,IFRI11,101.01,2026-08-03T22:34:06.564987+00:00
2026-08-03,JURO11,95.71,2026-08-03T22:34:06.564987+00:00
2026-08-03,KNIP11,89.71,2026-08-03T22:34:06.564987+00:00
2026-08-03,MANA11,9.05,2026-08-03T22:34:06.564987+00:00
2026-08-03,OGIN11,7.64,2026-08-03T22:34:06.564987+00:00
2026-08-03,PFIN11,61.7,2026-08-03T22:34:06.564987+00:00
2026-08-03,PPEI11,84.22,2026-08-03T22:34:06.564987+00:00
2026-08-03,RBIR11,72.5,2026-08-03T22:34:06.564987+00:00
2026-08-03,SNEL11,8.3,2026-08-03T22:34:06.564987+00:00
2026-08-03,TEPP11,7.7,2026-08-03T22:34:06.564987+00:00
2026-08-03,TRXF11,89.38,2026-08-03T22:34:06.564987+00:00
2026-08-03,VIGT11,51.97,2026-08-03T22:34:06.564987+00:00
2026-08-03,XPID11,48.9,2026-08-03T22:34:06.564987+00:00
2026-08-03,XPIE11,42.9,2026-08-03T22:34:06.564987+00:00
2026-08-03,XPML11,105.28,2026-08-03T22:34:06.564987+00:00
2026-08-03,AMZO34,72.53,2026-08-03T22:34:06.564987+00:00
2026-08-03,AUAU3,3.65,2026-08-03T22:34:06.564987+00:00
2026-08-03,LWSA3,3.85,2026-08-03T22:34:06.564987+00:00
2026-08-03,MGLU3,5.16,2026-08-03T22:34:06.564987+00:00
2026-08-03,TASA4,4.96,2026-08-03T22:34:06.564987+00:00
2026-08-04,ALOS3,27.57,2026-08-04T22:36:44.928069+00:00
2026-08-04,COIN11,38.42,2026-08-04T22:36:44.928069+00:00
2026-08-04,NASD11,21.24,2026-08-04T22:36:44.928069+00:00
2026-08-04,SPYI11,109.37,2026-08-04T22:36:44.928069+00:00
2026-08-04,LFTB11,124.65,2026-08-04T22:36:44.928069+00:00
2026-08-04,LFTS11,157.45,2026-08-04T22:36:44.928069+00:00
2026-08-04,BDIF11,70.75,2026-08-04T22:36:44.928069+00:00
2026-08-04,BDIV11,35.95,2026-08-04T22:36:44.928069+00:00
2026-08-04,BODB11,7.46,2026-08-04T22:36:44.928069+00:00
2026-08-04,BRZP11,180,2026-08-04T22:36:44.928069+00:00
2026-08-04,CPTI11,84.79,2026-08-04T22:36:44.928069+00:00
2026-08-04,ENDD11,109.5,2026-08-04T22:36:44.928069+00:00
2026-08-04,FATN11,80.01,2026-08-04T22:36:44.928069+00:00
2026-08-04,FATN12,0.03,2026-08-04T22:36:44.928069+00:00
2026-08-04,GARE11,8.15,2026-08-04T22:36:44.928069+00:00
2026-08-04,HGCR11,90.51,2026-08-04T22:36:44.928069+00:00
2026-08-04,IFRA11,89.65,2026-08-04T22:36:44.928069+00:00
2026-08-04,IFRI11,101.26,2026-08-04T22:36:44.928069+00:00
2026-08-04,JURO11,95.47,2026-08-04T22:36:44.928069+00:00
2026-08-04,KNIP11,90.48,2026-08-04T22:36:44.928069+00:00
2026-08-04,MANA11,9.11,2026-08-04T22:36:44.928069+00:00
2026-08-04,OGIN11,7.64,2026-08-04T22:36:44.928069+00:00
2026-08-04,PFIN11,61.55,2026-08-04T22:36:44.928069+00:00
2026-08-04,PPEI11,84.46,2026-08-04T22:36:44.928069+00:00
2026-08-04,RBIR11,72.3,2026-08-04T22:36:44.928069+00:00
2026-08-04,SNEL11,8.22,2026-08-04T22:36:44.928069+00:00
2026-08-04,TEPP11,7.75,2026-08-04T22:36:44.928069+00:00
2026-08-04,TRXF11,89.43,2026-08-04T22:36:44.928069+00:00
2026-08-04,VIGT11,51.25,2026-08-04T22:36:44.928069+00:00
2026-08-04,XPID11,48.45,2026-08-04T22:36:44.928069+00:00
2026-08-04,XPIE11,42.01,2026-08-04T22:36:44.928069+00:00
2026-08-04,XPML11,104.2,2026-08-04T22:36:44.928069+00:00
2026-08-04,AMZO34,71.03,2026-08-04T22:36:44.928069+00:00
2026-08-04,AUAU3,3.68,2026-08-04T22:36:44.928069+00:00
2026-08-04,LWSA3,3.89,2026-08-04T22:36:44.928069+00:00
2026-08-04,MGLU3,4.92,2026-08-04T22:36:44.928069+00:00
2026-08-04,TASA4,4.95,2026-08-04T22:36:44.928069+00:00
2026-08-05,ALOS3,27.49,2026-08-05T22:35:45.949832+00:00
2026-08-05,COIN11,38.8,2026-08-05T22:35:45.949832+00:00
2026-08-05,NASD11,21.07,2026-08-05T22:35:45.949832+00:00
2026-08-05,SPYI11,109.31,2026-08-05T22:35:45.949832+00:00
2026-08-05,LFTB11,124.66,2026-08-05T22:35:45.949832+00:00
2026-08-05,LFTS11,157.53,2026-08-05T22:35:45.949832+00:00
2026-08-05,BDIF11,69.33,2026-08-05T22:35:45.949832+00:00
2026-08-05,BDIV11,35.82,2026-08-05T22:35:45.949832+00:00
2026-08-05,BODB11,7.38,2026-08-05T22:35:45.949832+00:00
2026-08-05,BRZP11,180,2026-08-05T22:35:45.949832+00:00
2026-08-05,CPTI11,84.51,2026-08-05T22:35:45.949832+00:00
2026-08-05,ENDD11,109.09,2026-08-05T22:35:45.949832+00:00
2026-08-05,FATN11,79.96,2026-08-05T22:35:45.949832+00:00
2026-08-05,FATN12,0.03,2026-08-05T22:35:45.949832+00:00
2026-08-05,GARE11,8.15,2026-08-05T22:35:45.949832+00:00
2026-08-05,HGCR11,90.94,2026-08-05T22:35:45.949832+00:00
2026-08-05,IFRA11,89.5,2026-08-05T22:35:45.949832+00:00
2026-08-05,IFRI11,102,2026-08-05T22:35:45.949832+00:00
2026-08-05,JURO11,95.23,2026-08-05T22:35:45.949832+00:00
2026-08-05,KNIP11,90,2026-08-05T22:35:45.949832+00:00
2026-08-05,MANA11,9.07,2026-08-05T22:35:45.949832+00:00
2026-08-05,OGIN11,7.5,2026-08-05T22:35:45.949832+00:00
2026-08-05,PFIN11,61.5,2026-08-05T22:35:45.949832+00:00
2026-08-05,PPEI11,84.32,2026-08-05T22:35:45.949832+00:00
2026-08-05,RBIR11,72,2026-08-05T22:35:45.949832+00:00
2026-08-05,SNEL11,8.22,2026-08-05T22:35:45.949832+00:00
2026-08-05,TEPP11,7.69,2026-08-05T22:35:45.949832+00:00
2026-08-05,TRXF11,89.15,2026-08-05T22:35:45.949832+00:00
2026-08-05,VIGT11,50.25,2026-08-05T22:35:45.949832+00:00
2026-08-05,XPID11,48.88,2026-08-05T22:35:45.949832+00:00
2026-08-05,XPIE11,41.58,2026-08-05T22:35:45.949832+00:00
2026-08-05,XPML11,104.4,2026-08-05T22:35:45.949832+00:00
2026-08-05,AMZO34,69.95,2026-08-05T22:35:45.949832+00:00
2026-08-05,AUAU3,3.62,2026-08-05T22:35:45.949832+00:00
2026-08-05,LWSA3,3.92,2026-08-05T22:35:45.949832+00:00
2026-08-05,MGLU3,4.79,2026-08-05T22:35:45.949832+00:00
2026-08-05,TASA4,4.85,2026-08-05T22:35:45.949832+00:00
2026-08-07,ALOS3,27,2026-08-07T01:03:51.163052+00:00
2026-08-07,COIN11,38.2,2026-08-07T01:03:51.163052+00:00
2026-08-07,NASD11,20.88,2026-08-07T01:03:51.163052+00:00
2026-08-07,SPYI11,108.71,2026-08-07T01:03:51.163052+00:00
2026-08-07,LFTB11,124.69,2026-08-07T01:03:51.163052+00:00
2026-08-07,LFTS11,157.62,2026-08-07T01:03:51.163052+00:00
2026-08-07,BDIF11,69.8,2026-08-07T01:03:51.163052+00:00
2026-08-07,BDIV11,35.8,2026-08-07T01:03:51.163052+00:00
2026-08-07,BODB11,7.25,2026-08-07T01:03:51.163052+00:00
2026-08-07,BRZP11,179.95,2026-08-07T01:03:51.163052+00:00
2026-08-07,CPTI11,84.71,2026-08-07T01:03:51.163052+00:00
2026-08-07,ENDD11,108.5,2026-08-07T01:03:51.163052+00:00
2026-08-07,FATN11,79.83,2026-08-07T01:03:51.163052+00:00
2026-08-07,FATN12,0.03,2026-08-07T01:03:51.163052+00:00
2026-08-07,GARE11,8.13,2026-08-07T01:03:51.163052+00:00
2026-08-07,HGCR11,90.67,2026-08-07T01:03:51.163052+00:00
2026-08-07,IFRA11,89.51,2026-08-07T01:03:51.163052+00:00
2026-08-07,IFRI11,102,2026-08-07T01:03:51.163052+00:00
2026-08-07,JURO11,95.45,2026-08-07T01:03:51.163052+00:00
2026-08-07,KNIP11,90,2026-08-07T01:03:51.163052+00:00
2026-08-07,MANA11,9.06,2026-08-07T01:03:51.163052+00:00
2026-08-07,OGIN11,7.45,2026-08-07T01:03:51.163052+00:00
2026-08-07,PFIN11,62,2026-08-07T01:03:51.163052+00:00
2026-08-07,PPEI11,84.23,2026-08-07T01:03:51.163052+00:00
2026-08-07,RBIR11,72.18,2026-08-07T01:03:51.163052+00:00
2026-08-07,SNEL11,8.33,2026-08-07T01:03:51.163052+00:00
2026-08-07,TEPP11,7.65,2026-08-07T01:03:51.163052+00:00
2026-08-07,TRXF11,84.41,2026-08-07T01:03:51.163052+00:00
2026-08-07,VIGT11,48.62,2026-08-07T01:03:51.163052+00:00
2026-08-07,XPID11,48.25,2026-08-07T01:03:51.163052+00:00
2026-08-07,XPIE11,41.43,2026-08-07T01:03:51.163052+00:00
2026-08-07,XPML11,104.4,2026-08-07T01:03:51.163052+00:00
2026-08-07,AMZO34,69.52,2026-08-07T01:03:51.163052+00:00
2026-08-07,AUAU3,3.57,2026-08-07T01:03:51.163052+00:00
2026-08-07,LWSA3,3.9,2026-08-07T01:03:51.163052+00:00
2026-08-07,MGLU3,4.57,2026-08-07T01:03:51.163052+00:00
2026-08-07,TASA4,4.78,2026-08-07T01:03:51.163052+00:00
2026-08-07,ALOS3,26.94,2026-08-07T22:07:10.587904+00:00
2026-08-07,COIN11,38.5,2026-08-07T22:07:10.587904+00:00
2026-08-07,NASD11,21,2026-08-07T22:07:10.587904+00:00
2026-08-07,SPYI11,108.7,2026-08-07T22:07:10.587904+00:00
2026-08-07,LFTB11,124.73,2026-08-07T22:07:10.587904+00:00
2026-08-07,LFTS11,157.69,2026-08-07T22:07:10.587904+00:00
2026-08-07,BDIF11,70.87,2026-08-07T22:07:10.587904+00:00
2026-08-07,BDIV11,36.15,2026-08-07T22:07:10.587904+00:00
2026-08-07,BODB11,7.26,2026-08-07T22:07:10.587904+00:00
2026-08-07,BRZP11,180.01,2026-08-07T22:07:10.587904+00:00
2026-08-07,CPTI11,84.54,2026-08-07T22:07:10.587904+00:00
2026-08-07,ENDD11,108.5,2026-08-07T22:07:10.587904+00:00
2026-08-07,FATN11,79.19,2026-08-07T22:07:10.587904+00:00
2026-08-07,FATN12,0.03,2026-08-07T22:07:10.587904+00:00
2026-08-07,GARE11,8.16,2026-08-07T22:07:10.587904+00:00
2026-08-07,HGCR11,91.53,2026-08-07T22:07:10.587904+00:00
2026-08-07,IFRA11,91.47,2026-08-07T22:07:10.587904+00:00
2026-08-07,IFRI11,101.98,2026-08-07T22:07:10.587904+00:00
2026-08-07,JURO11,95.44,2026-08-07T22:07:10.587904+00:00
2026-08-07,KNIP11,90.37,2026-08-07T22:07:10.587904+00:00
2026-08-07,MANA11,9.09,2026-08-07T22:07:10.587904+00:00
2026-08-07,OGIN11,7.6,2026-08-07T22:07:10.587904+00:00
2026-08-07,PFIN11,61.64,2026-08-07T22:07:10.587904+00:00
2026-08-07,PPEI11,84.19,2026-08-07T22:07:10.587904+00:00
2026-08-07,RBIR11,71.05,2026-08-07T22:07:10.587904+00:00
2026-08-07,SNEL11,8.37,2026-08-07T22:07:10.587904+00:00
2026-08-07,TEPP11,7.7,2026-08-07T22:07:10.587904+00:00
2026-08-07,TRXF11,85.9,2026-08-07T22:07:10.587904+00:00
2026-08-07,VIGT11,48.99,2026-08-07T22:07:10.587904+00:00
2026-08-07,XPID11,48.25,2026-08-07T22:07:10.587904+00:00
2026-08-07,XPIE11,41.37,2026-08-07T22:07:10.587904+00:00
2026-08-07,XPML11,104.55,2026-08-07T22:07:10.587904+00:00
2026-08-07,AMZO34,69.53,2026-08-07T22:07:10.587904+00:00
2026-08-07,AUAU3,3.52,2026-08-07T22:07:10.587904+00:00
2026-08-07,LWSA3,3.88,2026-08-07T22:07:10.587904+00:00
2026-08-07,MGLU3,4.4,2026-08-07T22:07:10.587904+00:00
2026-08-07,TASA4,4.71,2026-08-07T22:07:10.587904+00:00
2026-08-10,ALOS3,27.06,2026-08-10T22:08:09.126304+00:00
2026-08-10,COIN11,38.41,2026-08-10T22:08:09.126304+00:00
2026-08-10,NASD11,21.11,2026-08-10T22:08:09.126304+00:00
2026-08-10,SPYI11,109.28,2026-08-10T22:08:09.126304+00:00
2026-08-10,LFTB11,124.85,2026-08-10T22:08:09.126304+00:00
2026-08-10,LFTS11,157.77,2026-08-10T22:08:09.126304+00:00
2026-08-10,BDIF11,71.5,2026-08-10T22:08:09.126304+00:00
2026-08-10,BDIV11,36.16,2026-08-10T22:08:09.126304+00:00
2026-08-10,BODB11,7.32,2026-08-10T22:08:09.126304+00:00
2026-08-10,BRZP11,180.01,2026-08-10T22:08:09.126304+00:00
2026-08-10,CPTI11,84.7,2026-08-10T22:08:09.126304+00:00
2026-08-10,ENDD11,108.6,2026-08-10T22:08:09.126304+00:00
2026-08-10,FATN11,78.3,2026-08-10T22:08:09.126304+00:00
2026-08-10,FATN12,0.03,2026-08-10T22:08:09.126304+00:00
2026-08-10,GARE11,8.17,2026-08-10T22:08:09.126304+00:00
2026-08-10,HGCR11,90.66,2026-08-10T22:08:09.126304+00:00
2026-08-10,IFRA11,91.31,2026-08-10T22:08:09.126304+00:00
2026-08-10,IFRI11,100.5,2026-08-10T22:08:09.126304+00:00
2026-08-10,JURO11,95.3,2026-08-10T22:08:09.126304+00:00
2026-08-10,KNIP11,90.4,2026-08-10T22:08:09.126304+00:00
2026-08-10,MANA11,9.07,2026-08-10T22:08:09.126304+00:00
2026-08-10,OGIN11,7.59,2026-08-10T22:08:09.126304+00:00
2026-08-10,PFIN11,61.69,2026-08-10T22:08:09.126304+00:00
2026-08-10,PPEI11,84.07,2026-08-10T22:08:09.126304+00:00
2026-08-10,RBIR11,71.5,2026-08-10T22:08:09.126304+00:00
2026-08-10,SNEL11,8.38,2026-08-10T22:08:09.126304+00:00
2026-08-10,TEPP11,7.62,2026-08-10T22:08:09.126304+00:00
2026-08-10,TRXF11,82.55,2026-08-10T22:08:09.126304+00:00
2026-08-10,VIGT11,47.5,2026-08-10T22:08:09.126304+00:00
2026-08-10,XPID11,48.49,2026-08-10T22:08:09.126304+00:00
2026-08-10,XPIE11,40.95,2026-08-10T22:08:09.126304+00:00
2026-08-10,XPML11,103.62,2026-08-10T22:08:09.126304+00:00
2026-08-10,AMZO34,70.62,2026-08-10T22:08:09.126304+00:00
2026-08-10,AUAU3,3.41,2026-08-10T22:08:09.126304+00:00
2026-08-10,LWSA3,3.88,2026-08-10T22:08:09.126304+00:00
2026-08-10,MGLU3,4.32,2026-08-10T22:08:09.126304+00:00
2026-08-10,TASA4,4.72,2026-08-10T22:08:09.126304+00:00
2026-08-11,ALOS3,26.05,2026-08-11T22:19:20.676395+00:00
2026-08-11,COIN11,38.46,2026-08-11T22:19:20.676395+00:00
2026-08-11,NASD11,21.23,2026-08-11T22:19:20.676395+00:00
2026-08-11,SPYI11,110.05,2026-08-11T22:19:20.676395+00:00
2026-08-11,LFTB11,124.75,2026-08-11T22:19:20.676395+00:00
2026-08-11,LFTS11,157.83,2026-08-11T22:19:20.676395+00:00
2026-08-11,BDIF11,71.74,2026-08-11T22:19:20.676395+00:00
2026-08-11,BDIV11,35.91,2026-08-11T22:19:20.676395+00:00
2026-08-11,BODB11,7.21,2026-08-11T22:19:20.676395+00:00
2026-08-11,BRZP11,180.02,2026-08-11T22:19:20.676395+00:00
2026-08-11,CPTI11,84.15,2026-08-11T22:19:20.676395+00:00
2026-08-11,ENDD11,109,2026-08-11T22:19:20.676395+00:00
2026-08-11,FATN11,77.9,2026-08-11T22:19:20.676395+00:00
2026-08-11,FATN12,0.03,2026-08-11T22:19:20.676395+00:00
2026-08-11,GARE11,8.16,2026-08-11T22:19:20.676395+00:00
2026-08-11,HGCR11,89.67,2026-08-11T22:19:20.676395+00:00
2026-08-11,IFRA11,90.99,2026-08-11T22:19:20.676395+00:00
2026-08-11,IFRI11,101.67,2026-08-11T22:19:20.676395+00:00
2026-08-11,JURO11,95,2026-08-11T22:19:20.676395+00:00
2026-08-11,KNIP11,89.4,2026-08-11T22:19:20.676395+00:00
2026-08-11,MANA11,9.03,2026-08-11T22:19:20.676395+00:00
2026-08-11,OGIN11,7.49,2026-08-11T22:19:20.676395+00:00
2026-08-11,PFIN11,62,2026-08-11T22:19:20.676395+00:00
2026-08-11,PPEI11,84.03,2026-08-11T22:19:20.676395+00:00
2026-08-11,RBIR11,70.4,2026-08-11T22:19:20.676395+00:00
2026-08-11,SNEL11,8.36,2026-08-11T22:19:20.676395+00:00
2026-08-11,TEPP11,7.6,2026-08-11T22:19:20.676395+00:00
2026-08-11,TRXF11,81.91,2026-08-11T22:19:20.676395+00:00
2026-08-11,VIGT11,48.77,2026-08-11T22:19:20.676395+00:00
2026-08-11,XPID11,48.3,2026-08-11T22:19:20.676395+00:00
2026-08-11,XPIE11,40.32,2026-08-11T22:19:20.676395+00:00
2026-08-11,XPML11,103.61,2026-08-11T22:19:20.676395+00:00
2026-08-11,AMZO34,70.2,2026-08-11T22:19:20.676395+00:00
2026-08-11,AUAU3,3.32,2026-08-11T22:19:20.676395+00:00
2026-08-11,LWSA3,3.6,2026-08-11T22:19:20.676395+00:00
2026-08-11,MGLU3,4.26,2026-08-11T22:19:20.676395+00:00
2026-08-11,TASA4,4.6,2026-08-11T22:19:20.676395+00:00
2026-08-12,ALOS3,26.22,2026-08-12T22:11:39.146557+00:00
2026-08-12,COIN11,38.5,2026-08-12T22:11:39.146557+00:00
2026-08-12,NASD11,21.48,2026-08-12T22:11:39.146557+00:00
2026-08-12,SPYI11,110.75,2026-08-12T22:11:39.146557+00:00
2026-08-12,LFTB11,124.92,2026-08-12T22:11:39.146557+00:00
2026-08-12,LFTS11,157.94,2026-08-12T22:11:39.146557+00:00
2026-08-12,BDIF11,71.23,2026-08-12T22:11:39.146557+00:00
2026-08-12,BDIV11,35.93,2026-08-12T22:11:39.146557+00:00
2026-08-12,BODB11,7.22,2026-08-12T22:11:39.146557+00:00
2026-08-12,BRZP11,180.2,2026-08-12T22:11:39.146557+00:00
2026-08-12,CPTI11,84.05,2026-08-12T22:11:39.146557+00:00
2026-08-12,ENDD11,108.62,2026-08-12T22:11:39.146557+00:00
2026-08-12,FATN11,77.97,2026-08-12T22:11:39.146557+00:00
2026-08-12,FATN12,0.03,2026-08-12T22:11:39.146557+00:00
2026-08-12,GARE11,8.14,2026-08-12T22:11:39.146557+00:00
2026-08-12,HGCR11,89.53,2026-08-12T22:11:39.146557+00:00
2026-08-12,IFRA11,91.8,2026-08-12T22:11:39.146557+00:00
2026-08-12,IFRI11,100.85,2026-08-12T22:11:39.146557+00:00
2026-08-12,JURO11,94.85,2026-08-12T22:11:39.146557+00:00
2026-08-12,KNIP11,88.99,2026-08-12T22:11:39.146557+00:00
2026-08-12,MANA11,9.04,2026-08-12T22:11:39.146557+00:00
2026-08-12,OGIN11,7.42,2026-08-12T22:11:39.146557+00:00
2026-08-12,PFIN11,61.3,2026-08-12T22:11:39.146557+00:00
2026-08-12,PPEI11,84.98,2026-08-12T22:11:39.146557+00:00
2026-08-12,RBIR11,70.59,2026-08-12T22:11:39.146557+00:00
2026-08-12,SNEL11,8.38,2026-08-12T22:11:39.146557+00:00
2026-08-12,TEPP11,7.57,2026-08-12T22:11:39.146557+00:00
2026-08-12,TRXF11,81.35,2026-08-12T22:11:39.146557+00:00
2026-08-12,VIGT11,48.25,2026-08-12T22:11:39.146557+00:00
2026-08-12,XPID11,48.25,2026-08-12T22:11:39.146557+00:00
2026-08-12,XPIE11,40.18,2026-08-12T22:11:39.146557+00:00
2026-08-12,XPML11,103.11,2026-08-12T22:11:39.146557+00:00
2026-08-12,AMZO34,69.46,2026-08-12T22:11:39.146557+00:00
2026-08-12,AUAU3,3.36,2026-08-12T22:11:39.146557+00:00
2026-08-12,LWSA3,3.55,2026-08-12T22:11:39.146557+00:00
2026-08-12,MGLU3,4.24,2026-08-12T22:11:39.146557+00:00
2026-08-12,TASA4,4.62,2026-08-12T22:11:39.146557+00:00
2026-08-13,ALOS3,26.07,2026-08-13T22:12:21.790846+00:00
2026-08-13,COIN11,38.82,2026-08-13T22:12:21.790846+00:00
2026-08-13,NASD11,21.78,2026-08-13T22:12:21.790846+00:00
2026-08-13,SPYI11,111.35,2026-08-13T22:12:21.790846+00:00
2026-08-13,LFTB11,124.94,2026-08-13T22:12:21.790846+00:00
2026-08-13,LFTS11,158.02,2026-08-13T22:12:21.790846+00:00
2026-08-13,BDIF11,70.25,2026-08-13T22:12:21.790846+00:00
2026-08-13,BDIV11,39.77,2026-08-13T22:12:21.790846+00:00
2026-08-13,BODB11,7.19,2026-08-13T22:12:21.790846+00:00
2026-08-13,BRZP11,178.17,2026-08-13T22:12:21.790846+00:00
2026-08-13,CPTI11,83.4,2026-08-13T22:12:21.790846+00:00
2026-08-13,ENDD11,109.45,2026-08-13T22:12:21.790846+00:00
2026-08-13,FATN11,77.47,2026-08-13T22:12:21.790846+00:00
2026-08-13,GARE11,8.12,2026-08-13T22:12:21.790846+00:00
2026-08-13,HGCR11,89.42,2026-08-13T22:12:21.790846+00:00
2026-08-13,IFRA11,90.5,2026-08-13T22:12:21.790846+00:00
2026-08-13,IFRI11,100.76,2026-08-13T22:12:21.790846+00:00
2026-08-13,JURO11,94.7,2026-08-13T22:12:21.790846+00:00
2026-08-13,KNIP11,88.05,2026-08-13T22:12:21.790846+00:00
2026-08-13,MANA11,9.02,2026-08-13T22:12:21.790846+00:00
2026-08-13,OGIN11,7.32,2026-08-13T22:12:21.790846+00:00
2026-08-13,PFIN11,61.3,2026-08-13T22:12:21.790846+00:00
2026-08-13,PPEI11,84.06,2026-08-13T22:12:21.790846+00:00
2026-08-13,RBIR11,72,2026-08-13T22:12:21.790846+00:00
2026-08-13,SNEL11,8.35,2026-08-13T22:12:21.790846+00:00
2026-08-13,TEPP11,7.5,2026-08-13T22:12:21.790846+00:00
2026-08-13,TRXF11,78.91,2026-08-13T22:12:21.790846+00:00
2026-08-13,VIGT11,49.15,2026-08-13T22:12:21.790846+00:00
2026-08-13,XPID11,48.85,2026-08-13T22:12:21.790846+00:00
2026-08-13,XPIE11,40.17,2026-08-13T22:12:21.790846+00:00
2026-08-13,XPML11,102.72,2026-08-13T22:12:21.790846+00:00
2026-08-13,AMZO34,68.91,2026-08-13T22:12:21.790846+00:00
2026-08-13,AUAU3,3.45,2026-08-13T22:12:21.790846+00:00
2026-08-13,LWSA3,3.74,2026-08-13T22:12:21.790846+00:00
2026-08-13,MGLU3,3.98,2026-08-13T22:12:21.790846+00:00
2026-08-13,TASA4,4.78,2026-08-13T22:12:21.790846+00:00
2026-08-14,ALOS3,25.69,2026-08-14T21:51:05.780904+00:00
2026-08-14,COIN11,38.78,2026-08-14T21:51:05.780904+00:00
2026-08-14,NASD11,21.8,2026-08-14T21:51:05.780904+00:00
2026-08-14,SPYI11,112.02,2026-08-14T21:51:05.780904+00:00
2026-08-14,LFTB11,125.12,2026-08-14T21:51:05.780904+00:00
2026-08-14,LFTS11,158.19,2026-08-14T21:51:05.780904+00:00
2026-08-14,BDIF11,70.55,2026-08-14T21:51:05.780904+00:00
2026-08-14,BDIV11,39.6,2026-08-14T21:51:05.780904+00:00
2026-08-14,BODB11,7.15,2026-08-14T21:51:05.780904+00:00
2026-08-14,BRZP11,177.53,2026-08-14T21:51:05.780904+00:00
2026-08-14,CPTI11,82.77,2026-08-14T21:51:05.780904+00:00
2026-08-14,ENDD11,109,2026-08-14T21:51:05.780904+00:00
2026-08-14,FATN11,77.38,2026-08-14T21:51:05.780904+00:00
2026-08-14,GARE11,8.13,2026-08-14T21:51:05.780904+00:00
2026-08-14,HGCR11,89.19,2026-08-14T21:51:05.780904+00:00
2026-08-14,IFRA11,89.49,2026-08-14T21:51:05.780904+00:00
2026-08-14,IFRI11,100.5,2026-08-14T21:51:05.780904+00:00
2026-08-14,JURO11,94.5,2026-08-14T21:51:05.780904+00:00
2026-08-14,KNIP11,89.25,2026-08-14T21:51:05.780904+00:00
2026-08-14,MANA11,9,2026-08-14T21:51:05.780904+00:00
2026-08-14,OGIN11,7.45,2026-08-14T21:51:05.780904+00:00
2026-08-14,PFIN11,61.3,2026-08-14T21:51:05.780904+00:00
2026-08-14,PPEI11,83.3,2026-08-14T21:51:05.780904+00:00
2026-08-14,RBIR11,72.19,2026-08-14T21:51:05.780904+00:00
2026-08-14,SNEL11,8.37,2026-08-14T21:51:05.780904+00:00
2026-08-14,TEPP11,7.47,2026-08-14T21:51:05.780904+00:00
2026-08-14,TRXF11,79.22,2026-08-14T21:51:05.780904+00:00
2026-08-14,VIGT11,48.51,2026-08-14T21:51:05.780904+00:00
2026-08-14,XPID11,48.88,2026-08-14T21:51:05.780904+00:00
2026-08-14,XPIE11,39.8,2026-08-14T21:51:05.780904+00:00
2026-08-14,XPML11,101.25,2026-08-14T21:51:05.780904+00:00
2026-08-14,AMZO34,68.76,2026-08-14T21:51:05.780904+00:00
2026-08-14,AUAU3,3.16,2026-08-14T21:51:05.780904+00:00
2026-08-14,LWSA3,4.03,2026-08-14T21:51:05.780904+00:00
2026-08-14,MGLU3,3.91,2026-08-14T21:51:05.780904+00:00
2026-08-14,TASA4,4.91,2026-08-14T21:51:05.780904+00:00
2026-08-17,ALOS3,25.44,2026-08-17T21:51:38.746688+00:00
2026-08-17,COIN11,39.27,2026-08-17T21:51:38.746688+00:00
2026-08-17,NASD11,21.69,2026-08-17T21:51:38.746688+00:00
2026-08-17,SPYI11,111.33,2026-08-17T21:51:38.746688+00:00
2026-08-17,LFTB11,125.18,2026-08-17T21:51:38.746688+00:00
2026-08-17,LFTS11,158.29,2026-08-17T21:51:38.746688+00:00
2026-08-17,BDIF11,69.3,2026-08-17T21:51:38.746688+00:00
2026-08-17,BDIV11,40.78,2026-08-17T21:51:38.746688+00:00
2026-08-17,BODB11,7.11,2026-08-17T21:51:38.746688+00:00
2026-08-17,BRZP11,177.95,2026-08-17T21:51:38.746688+00:00
2026-08-17,CPTI11,80.8,2026-08-17T21:51:38.746688+00:00
2026-08-17,ENDD11,108.7,2026-08-17T21:51:38.746688+00:00
2026-08-17,FATN11,77.06,2026-08-17T21:51:38.746688+00:00
2026-08-17,GARE11,8.09,2026-08-17T21:51:38.746688+00:00
2026-08-17,HGCR11,88.49,2026-08-17T21:51:38.746688+00:00
2026-08-17,IFRA11,88.02,2026-08-17T21:51:38.746688+00:00
2026-08-17,IFRI11,100.89,2026-08-17T21:51:38.746688+00:00
2026-08-17,JURO11,94.09,2026-08-17T21:51:38.746688+00:00
2026-08-17,KNIP11,88.17,2026-08-17T21:51:38.746688+00:00
2026-08-17,MANA11,9,2026-08-17T21:51:38.746688+00:00
2026-08-17,OGIN11,7.44,2026-08-17T21:51:38.746688+00:00
2026-08-17,PFIN11,62.25,2026-08-17T21:51:38.746688+00:00
2026-08-17,PPEI11,83.3,2026-08-17T21:51:38.746688+00:00
2026-08-17,RBIR11,74,2026-08-17T21:51:38.746688+00:00
2026-08-17,SNEL11,8.16,2026-08-17T21:51:38.746688+00:00
2026-08-17,TEPP11,7.44,2026-08-17T21:51:38.746688+00:00
2026-08-17,TRXF11,78.5,2026-08-17T21:51:38.746688+00:00
2026-08-17,VIGT11,48.5,2026-08-17T21:51:38.746688+00:00
2026-08-17,XPID11,48.49,2026-08-17T21:51:38.746688+00:00
2026-08-17,XPIE11,39.85,2026-08-17T21:51:38.746688+00:00
2026-08-17,XPML11,100.84,2026-08-17T21:51:38.746688+00:00
2026-08-17,AMZO34,67.76,2026-08-17T21:51:38.746688+00:00
2026-08-17,AUAU3,3.13,2026-08-17T21:51:38.746688+00:00
2026-08-17,LWSA3,3.86,2026-08-17T21:51:38.746688+00:00
2026-08-17,MGLU3,4.23,2026-08-17T21:51:38.746688+00:00
2026-08-17,TASA4,5.18,2026-08-17T21:51:38.746688+00:00
2026-08-18,ALOS3,25.37,2026-08-18T21:49:15.210349+00:00
2026-08-18,COIN11,39.84,2026-08-18T21:49:15.210349+00:00
2026-08-18,NASD11,21.39,2026-08-18T21:49:15.210349+00:00
2026-08-18,SPYI11,111.2,2026-08-18T21:49:15.210349+00:00
2026-08-18,LFTB11,125.34,2026-08-18T21:49:15.210349+00:00
2026-08-18,LFTS11,158.38,2026-08-18T21:49:15.210349+00:00
2026-08-18,BDIF11,68.54,2026-08-18T21:49:15.210349+00:00
2026-08-18,BDIV11,40.5,2026-08-18T21:49:15.210349+00:00
2026-08-18,BODB11,7.11,2026-08-18T21:49:15.210349+00:00
2026-08-18,BRZP11,178.09,2026-08-18T21:49:15.210349+00:00
2026-08-18,CPTI11,81.58,2026-08-18T21:49:15.210349+00:00
2026-08-18,ENDD11,108.7,2026-08-18T21:49:15.210349+00:00
2026-08-18,FATN11,77.44,2026-08-18T21:49:15.210349+00:00
2026-08-18,GARE11,8.12,2026-08-18T21:49:15.210349+00:00
2026-08-18,HGCR11,89,2026-08-18T21:49:15.210349+00:00
2026-08-18,IFRA11,88.43,2026-08-18T21:49:15.210349+00:00
2026-08-18,IFRI11,100.2,2026-08-18T21:49:15.210349+00:00
2026-08-18,JURO11,93.7,2026-08-18T21:49:15.210349+00:00
2026-08-18,KNIP11,89.3,2026-08-18T21:49:15.210349+00:00
2026-08-18,MANA11,8.81,2026-08-18T21:49:15.210349+00:00
2026-08-18,OGIN11,7.35,2026-08-18T21:49:15.210349+00:00
2026-08-18,PFIN11,62.39,2026-08-18T21:49:15.210349+00:00
2026-08-18,PPEI11,83.65,2026-08-18T21:49:15.210349+00:00
2026-08-18,RBIR11,72.51,2026-08-18T21:49:15.210349+00:00
2026-08-18,SNEL11,8.13,2026-08-18T21:49:15.210349+00:00
2026-08-18,TEPP11,7.44,2026-08-18T21:49:15.210349+00:00
2026-08-18,TRXF11,78.34,2026-08-18T21:49:15.210349+00:00
2026-08-18,VIGT11,48,2026-08-18T21:49:15.210349+00:00
2026-08-18,XPID11,48.98,2026-08-18T21:49:15.210349+00:00
2026-08-18,XPIE11,40.1,2026-08-18T21:49:15.210349+00:00
2026-08-18,XPML11,100.99,2026-08-18T21:49:15.210349+00:00
2026-08-18,AMZO34,67.82,2026-08-18T21:49:15.210349+00:00
2026-08-18,AUAU3,3.14,2026-08-18T21:49:15.210349+00:00
2026-08-18,LWSA3,3.87,2026-08-18T21:49:15.210349+00:00
2026-08-18,MGLU3,4.28,2026-08-18T21:49:15.210349+00:00
2026-08-18,TASA4,5.04,2026-08-18T21:49:15.210349+00:00
2026-08-19,ALOS3,25.67,2026-08-19T21:52:10.028204+00:00
2026-08-19,COIN11,40.05,2026-08-19T21:52:10.028204+00:00
2026-08-19,NASD11,21.26,2026-08-19T21:52:10.028204+00:00
2026-08-19,SPYI11,109.34,2026-08-19T21:52:10.028204+00:00
2026-08-19,LFTB11,125.35,2026-08-19T21:52:10.028204+00:00
2026-08-19,LFTS11,158.34,2026-08-19T21:52:10.028204+00:00
2026-08-19,BDIF11,68.35,2026-08-19T21:52:10.028204+00:00
2026-08-19,BDIV11,40.7,2026-08-19T21:52:10.028204+00:00
2026-08-19,BODB11,7.07,2026-08-19T21:52:10.028204+00:00
2026-08-19,BRZP11,177.15,2026-08-19T21:52:10.028204+00:00
2026-08-19,CPTI11,80.72,2026-08-19T21:52:10.028204+00:00
2026-08-19,ENDD11,109,2026-08-19T21:52:10.028204+00:00
2026-08-19,FATN11,77.42,2026-08-19T21:52:10.028204+00:00
2026-08-19,GARE11,8.23,2026-08-19T21:52:10.028204+00:00
2026-08-19,HGCR11,91.15,2026-08-19T21:52:10.028204+00:00
2026-08-19,IFRA11,91.24,2026-08-19T21:52:10.028204+00:00
2026-08-19,IFRI11,100.09,2026-08-19T21:52:10.028204+00:00
2026-08-19,JURO11,93.94,2026-08-19T21:52:10.028204+00:00
2026-08-19,KNIP11,89.94,2026-08-19T21:52:10.028204+00:00
2026-08-19,MANA11,8.92,2026-08-19T21:52:10.028204+00:00
2026-08-19,OGIN11,7.3,2026-08-19T21:52:10.028204+00:00
2026-08-19,PFIN11,61.3,2026-08-19T21:52:10.028204+00:00
2026-08-19,PPEI11,83.95,2026-08-19T21:52:10.028204+00:00
2026-08-19,RBIR11,72.5,2026-08-19T21:52:10.028204+00:00
2026-08-19,SNEL11,8.16,2026-08-19T21:52:10.028204+00:00
2026-08-19,TEPP11,7.47,2026-08-19T21:52:10.028204+00:00
2026-08-19,TRXF11,78.24,2026-08-19T21:52:10.028204+00:00
2026-08-19,VIGT11,49.3,2026-08-19T21:52:10.028204+00:00
2026-08-19,XPID11,48.9,2026-08-19T21:52:10.028204+00:00
2026-08-19,XPIE11,39.98,2026-08-19T21:52:10.028204+00:00
2026-08-19,XPML11,98.24,2026-08-19T21:52:10.028204+00:00
2026-08-19,AMZO34,68.72,2026-08-19T21:52:10.028204+00:00
2026-08-19,AUAU3,3.25,2026-08-19T21:52:10.028204+00:00
2026-08-19,LWSA3,3.85,2026-08-19T21:52:10.028204+00:00
2026-08-19,MGLU3,4.05,2026-08-19T21:52:10.028204+00:00
2026-08-19,TASA4,5.1,2026-08-19T21:52:10.028204+00:00
